name, avatar
Mack,http://lorempixel.com/640/480
Devyn,http://lorempixel.com/640/480
Alvah,http://lorempixel.com/640/480
Haleigh,http://lorempixel.com/640/480
Judge,http://lorempixel.com/640/480
Royal,http://lorempixel.com/640/480
Ashton,http://lorempixel.com/640/480
Rowland,http://lorempixel.com/640/480
Dorris,http://lorempixel.com/640/480
Jermaine,http://lorempixel.com/640/480
Connie,http://lorempixel.com/640/480
Andreane,http://lorempixel.com/640/480
Kristofer,http://lorempixel.com/640/480
Jaycee,http://lorempixel.com/640/480
Mireya,http://lorempixel.com/640/480
Aimee,http://lorempixel.com/640/480
Kyler,http://lorempixel.com/640/480
Gordon,http://lorempixel.com/640/480
Matteo,http://lorempixel.com/640/480
Maureen,http://lorempixel.com/640/480
Vivian,http://lorempixel.com/640/480
Ramiro,http://lorempixel.com/640/480
Brianne,http://lorempixel.com/640/480
Helmer,http://lorempixel.com/640/480
Fredrick,http://lorempixel.com/640/480
Gust,http://lorempixel.com/640/480
Dell,http://lorempixel.com/640/480
Renee,http://lorempixel.com/640/480
Elmore,http://lorempixel.com/640/480
Hank,http://lorempixel.com/640/480
Blaise,http://lorempixel.com/640/480
Toy,http://lorempixel.com/640/480
Shayne,http://lorempixel.com/640/480
Maxie,http://lorempixel.com/640/480
Juvenal,http://lorempixel.com/640/480
Logan,http://lorempixel.com/640/480
Joshua,http://lorempixel.com/640/480
Donavon,http://lorempixel.com/640/480
Tyreek,http://lorempixel.com/640/480
Aleen,http://lorempixel.com/640/480
Green,http://lorempixel.com/640/480
Wilford,http://lorempixel.com/640/480
Janelle,http://lorempixel.com/640/480
Reta,http://lorempixel.com/640/480
Alexandra,http://lorempixel.com/640/480
Frederic,http://lorempixel.com/640/480
Queenie,http://lorempixel.com/640/480
Veronica,http://lorempixel.com/640/480
Erwin,http://lorempixel.com/640/480
Jarrod,http://lorempixel.com/640/480
Deontae,http://lorempixel.com/640/480
Denis,http://lorempixel.com/640/480
Israel,http://lorempixel.com/640/480
Darius,http://lorempixel.com/640/480
Ericka,http://lorempixel.com/640/480
Donato,http://lorempixel.com/640/480
Manley,http://lorempixel.com/640/480
Nedra,http://lorempixel.com/640/480
Justina,http://lorempixel.com/640/480
Tony,http://lorempixel.com/640/480
Aidan,http://lorempixel.com/640/480
Kali,http://lorempixel.com/640/480
Kristopher,http://lorempixel.com/640/480
Jayde,http://lorempixel.com/640/480
Johnny,http://lorempixel.com/640/480
Karianne,http://lorempixel.com/640/480
Antonia,http://lorempixel.com/640/480
Mario,http://lorempixel.com/640/480
Kieran,http://lorempixel.com/640/480
Elody,http://lorempixel.com/640/480
Zachery,http://lorempixel.com/640/480
Sigmund,http://lorempixel.com/640/480
Jaquelin,http://lorempixel.com/640/480
Estrella,http://lorempixel.com/640/480
General,http://lorempixel.com/640/480
Lera,http://lorempixel.com/640/480
Effie,http://lorempixel.com/640/480
Dane,http://lorempixel.com/640/480
Cloyd,http://lorempixel.com/640/480
Bulah,http://lorempixel.com/640/480
Jannie,http://lorempixel.com/640/480
Rosalia,http://lorempixel.com/640/480
Ernesto,http://lorempixel.com/640/480
Romaine,http://lorempixel.com/640/480
Jeanie,http://lorempixel.com/640/480
Dorothea,http://lorempixel.com/640/480
Sharon,http://lorempixel.com/640/480
Keara,http://lorempixel.com/640/480
Kennith,http://lorempixel.com/640/480
Ophelia,http://lorempixel.com/640/480
Verda,http://lorempixel.com/640/480
Coy,http://lorempixel.com/640/480
Irma,http://lorempixel.com/640/480
Michale,http://lorempixel.com/640/480
Elenor,http://lorempixel.com/640/480
Marley,http://lorempixel.com/640/480
Jovani,http://lorempixel.com/640/480
Elouise,http://lorempixel.com/640/480
Adaline,http://lorempixel.com/640/480
Carmine,http://lorempixel.com/640/480
Price,http://lorempixel.com/640/480
Seth,http://lorempixel.com/640/480
Ceasar,http://lorempixel.com/640/480
Mckenzie,http://lorempixel.com/640/480
Edmond,http://lorempixel.com/640/480
Dillon,http://lorempixel.com/640/480
Eli,http://lorempixel.com/640/480
Shad,http://lorempixel.com/640/480
Ahmad,http://lorempixel.com/640/480
Americo,http://lorempixel.com/640/480
Keeley,http://lorempixel.com/640/480
Magdalen,http://lorempixel.com/640/480
Michaela,http://lorempixel.com/640/480
Hettie,http://lorempixel.com/640/480
Krystel,http://lorempixel.com/640/480
Nicolas,http://lorempixel.com/640/480
Jermaine,http://lorempixel.com/640/480
Sabryna,http://lorempixel.com/640/480
Emmitt,http://lorempixel.com/640/480
Amparo,http://lorempixel.com/640/480
Rebeka,http://lorempixel.com/640/480
Anna,http://lorempixel.com/640/480
Retta,http://lorempixel.com/640/480
Gayle,http://lorempixel.com/640/480
Omer,http://lorempixel.com/640/480
Larue,http://lorempixel.com/640/480
Cristian,http://lorempixel.com/640/480
Raven,http://lorempixel.com/640/480
Joesph,http://lorempixel.com/640/480
Trudie,http://lorempixel.com/640/480
Jazlyn,http://lorempixel.com/640/480
Ruth,http://lorempixel.com/640/480
Clovis,http://lorempixel.com/640/480
Denis,http://lorempixel.com/640/480
Jarod,http://lorempixel.com/640/480
Rudolph,http://lorempixel.com/640/480
Monty,http://lorempixel.com/640/480
Karolann,http://lorempixel.com/640/480
Merlin,http://lorempixel.com/640/480
Kristopher,http://lorempixel.com/640/480
Charlie,http://lorempixel.com/640/480
Sheldon,http://lorempixel.com/640/480
Jeanne,http://lorempixel.com/640/480
Curtis,http://lorempixel.com/640/480
Bart,http://lorempixel.com/640/480
Rusty,http://lorempixel.com/640/480
Tressie,http://lorempixel.com/640/480
Emmalee,http://lorempixel.com/640/480
Cory,http://lorempixel.com/640/480
Hillard,http://lorempixel.com/640/480
Zetta,http://lorempixel.com/640/480
Darrel,http://lorempixel.com/640/480
Danny,http://lorempixel.com/640/480
Karli,http://lorempixel.com/640/480
Guadalupe,http://lorempixel.com/640/480
Gabe,http://lorempixel.com/640/480
Audrey,http://lorempixel.com/640/480
Ines,http://lorempixel.com/640/480
May,http://lorempixel.com/640/480
Shanna,http://lorempixel.com/640/480
Freddie,http://lorempixel.com/640/480
Freddy,http://lorempixel.com/640/480
Idella,http://lorempixel.com/640/480
Gia,http://lorempixel.com/640/480
Jimmy,http://lorempixel.com/640/480
Selena,http://lorempixel.com/640/480
Colin,http://lorempixel.com/640/480
Delores,http://lorempixel.com/640/480
Ramon,http://lorempixel.com/640/480
Adonis,http://lorempixel.com/640/480
Carroll,http://lorempixel.com/640/480
Elta,http://lorempixel.com/640/480
Piper,http://lorempixel.com/640/480
Abdiel,http://lorempixel.com/640/480
Lenna,http://lorempixel.com/640/480
Barton,http://lorempixel.com/640/480
Kareem,http://lorempixel.com/640/480
Karelle,http://lorempixel.com/640/480
Rosamond,http://lorempixel.com/640/480
Jayne,http://lorempixel.com/640/480
Bud,http://lorempixel.com/640/480
Melody,http://lorempixel.com/640/480
Levi,http://lorempixel.com/640/480
Cade,http://lorempixel.com/640/480
Misty,http://lorempixel.com/640/480
Carli,http://lorempixel.com/640/480
Olin,http://lorempixel.com/640/480
Korbin,http://lorempixel.com/640/480
Camilla,http://lorempixel.com/640/480
Constance,http://lorempixel.com/640/480
Destiny,http://lorempixel.com/640/480
Cydney,http://lorempixel.com/640/480
Lauren,http://lorempixel.com/640/480
Kadin,http://lorempixel.com/640/480
Anna,http://lorempixel.com/640/480
Kamron,http://lorempixel.com/640/480
William,http://lorempixel.com/640/480
Daniela,http://lorempixel.com/640/480
Macey,http://lorempixel.com/640/480
Thaddeus,http://lorempixel.com/640/480
Jammie,http://lorempixel.com/640/480
Orpha,http://lorempixel.com/640/480
Aaliyah,http://lorempixel.com/640/480
Marcelo,http://lorempixel.com/640/480
Carson,http://lorempixel.com/640/480
Napoleon,http://lorempixel.com/640/480
Eunice,http://lorempixel.com/640/480
Godfrey,http://lorempixel.com/640/480
Salma,http://lorempixel.com/640/480
Abbie,http://lorempixel.com/640/480
Corbin,http://lorempixel.com/640/480
Pietro,http://lorempixel.com/640/480
Oda,http://lorempixel.com/640/480
Dahlia,http://lorempixel.com/640/480
Esperanza,http://lorempixel.com/640/480
Thelma,http://lorempixel.com/640/480
Nicolette,http://lorempixel.com/640/480
Aubree,http://lorempixel.com/640/480
Maria,http://lorempixel.com/640/480
Jada,http://lorempixel.com/640/480
Lyric,http://lorempixel.com/640/480
Lolita,http://lorempixel.com/640/480
Katlyn,http://lorempixel.com/640/480
Helen,http://lorempixel.com/640/480
Golda,http://lorempixel.com/640/480
Chet,http://lorempixel.com/640/480
Damien,http://lorempixel.com/640/480
Robbie,http://lorempixel.com/640/480
Icie,http://lorempixel.com/640/480
Milo,http://lorempixel.com/640/480
Charity,http://lorempixel.com/640/480
Luciano,http://lorempixel.com/640/480
Saul,http://lorempixel.com/640/480
Aryanna,http://lorempixel.com/640/480
Dewitt,http://lorempixel.com/640/480
Domenica,http://lorempixel.com/640/480
Cornelius,http://lorempixel.com/640/480
Nikita,http://lorempixel.com/640/480
Giovanna,http://lorempixel.com/640/480
Gunnar,http://lorempixel.com/640/480
Mekhi,http://lorempixel.com/640/480
Kristy,http://lorempixel.com/640/480
Jamie,http://lorempixel.com/640/480
Ansley,http://lorempixel.com/640/480
Anahi,http://lorempixel.com/640/480
Winifred,http://lorempixel.com/640/480
Rafaela,http://lorempixel.com/640/480
Walker,http://lorempixel.com/640/480
Wilhelmine,http://lorempixel.com/640/480
Alan,http://lorempixel.com/640/480
Logan,http://lorempixel.com/640/480
Camylle,http://lorempixel.com/640/480
Ardella,http://lorempixel.com/640/480
Dorris,http://lorempixel.com/640/480
Kiley,http://lorempixel.com/640/480
Manuela,http://lorempixel.com/640/480
Francesco,http://lorempixel.com/640/480
Sherman,http://lorempixel.com/640/480
Rigoberto,http://lorempixel.com/640/480
Elton,http://lorempixel.com/640/480
Cloyd,http://lorempixel.com/640/480
Kole,http://lorempixel.com/640/480
Heber,http://lorempixel.com/640/480
Kory,http://lorempixel.com/640/480
Muriel,http://lorempixel.com/640/480
Nola,http://lorempixel.com/640/480
Wiley,http://lorempixel.com/640/480
Maurine,http://lorempixel.com/640/480
Lorenza,http://lorempixel.com/640/480
Kaylah,http://lorempixel.com/640/480
Christopher,http://lorempixel.com/640/480
Freddie,http://lorempixel.com/640/480
Dayne,http://lorempixel.com/640/480
Leonora,http://lorempixel.com/640/480
Viviane,http://lorempixel.com/640/480
Robb,http://lorempixel.com/640/480
Anna,http://lorempixel.com/640/480
Chyna,http://lorempixel.com/640/480
Oma,http://lorempixel.com/640/480
Laurie,http://lorempixel.com/640/480
Onie,http://lorempixel.com/640/480
Price,http://lorempixel.com/640/480
Adolf,http://lorempixel.com/640/480
Jaiden,http://lorempixel.com/640/480
Krista,http://lorempixel.com/640/480
Doris,http://lorempixel.com/640/480
Silas,http://lorempixel.com/640/480
Damian,http://lorempixel.com/640/480
Seamus,http://lorempixel.com/640/480
Norbert,http://lorempixel.com/640/480
Franco,http://lorempixel.com/640/480
Doyle,http://lorempixel.com/640/480
Madalyn,http://lorempixel.com/640/480
Pauline,http://lorempixel.com/640/480
Walker,http://lorempixel.com/640/480
Jesse,http://lorempixel.com/640/480
Frederik,http://lorempixel.com/640/480
Gabriella,http://lorempixel.com/640/480
Richie,http://lorempixel.com/640/480
Kurt,http://lorempixel.com/640/480
Jazmin,http://lorempixel.com/640/480
Caleb,http://lorempixel.com/640/480
Shaina,http://lorempixel.com/640/480
Ansley,http://lorempixel.com/640/480
Marco,http://lorempixel.com/640/480
Kali,http://lorempixel.com/640/480
Axel,http://lorempixel.com/640/480
Leanne,http://lorempixel.com/640/480
Ashley,http://lorempixel.com/640/480
Jazmin,http://lorempixel.com/640/480
Dalton,http://lorempixel.com/640/480
Pattie,http://lorempixel.com/640/480
Greta,http://lorempixel.com/640/480
Megane,http://lorempixel.com/640/480
Adrianna,http://lorempixel.com/640/480
Conrad,http://lorempixel.com/640/480
Shaylee,http://lorempixel.com/640/480
Marianna,http://lorempixel.com/640/480
Aileen,http://lorempixel.com/640/480
Wanda,http://lorempixel.com/640/480
Sonia,http://lorempixel.com/640/480
Layne,http://lorempixel.com/640/480
Bonnie,http://lorempixel.com/640/480
Ashlee,http://lorempixel.com/640/480
Lilly,http://lorempixel.com/640/480
Kacey,http://lorempixel.com/640/480
Victoria,http://lorempixel.com/640/480
Mario,http://lorempixel.com/640/480
Jerrold,http://lorempixel.com/640/480
Alvah,http://lorempixel.com/640/480
Gardner,http://lorempixel.com/640/480
Audie,http://lorempixel.com/640/480
Arden,http://lorempixel.com/640/480
Raven,http://lorempixel.com/640/480
Germaine,http://lorempixel.com/640/480
Lonnie,http://lorempixel.com/640/480
Bessie,http://lorempixel.com/640/480
Sheldon,http://lorempixel.com/640/480
Jeffrey,http://lorempixel.com/640/480
Marco,http://lorempixel.com/640/480
Moses,http://lorempixel.com/640/480
Flossie,http://lorempixel.com/640/480
Noah,http://lorempixel.com/640/480
Dariana,http://lorempixel.com/640/480
Brain,http://lorempixel.com/640/480
Jimmie,http://lorempixel.com/640/480
Toney,http://lorempixel.com/640/480
Rosella,http://lorempixel.com/640/480
Anahi,http://lorempixel.com/640/480
Elisabeth,http://lorempixel.com/640/480
Sabryna,http://lorempixel.com/640/480
Kim,http://lorempixel.com/640/480
Terry,http://lorempixel.com/640/480
Karine,http://lorempixel.com/640/480
Tomas,http://lorempixel.com/640/480
Miracle,http://lorempixel.com/640/480
Isabel,http://lorempixel.com/640/480
Maddison,http://lorempixel.com/640/480
Abner,http://lorempixel.com/640/480
Rey,http://lorempixel.com/640/480
Rylan,http://lorempixel.com/640/480
Selena,http://lorempixel.com/640/480
Stefanie,http://lorempixel.com/640/480
Gideon,http://lorempixel.com/640/480
Graciela,http://lorempixel.com/640/480
Earlene,http://lorempixel.com/640/480
Gisselle,http://lorempixel.com/640/480
Darlene,http://lorempixel.com/640/480
Gloria,http://lorempixel.com/640/480
Cale,http://lorempixel.com/640/480
Rebecca,http://lorempixel.com/640/480
Aurelio,http://lorempixel.com/640/480
Anya,http://lorempixel.com/640/480
Breanne,http://lorempixel.com/640/480
Corine,http://lorempixel.com/640/480
Skye,http://lorempixel.com/640/480
Wiley,http://lorempixel.com/640/480
Dameon,http://lorempixel.com/640/480
Ceasar,http://lorempixel.com/640/480
Trystan,http://lorempixel.com/640/480
Sedrick,http://lorempixel.com/640/480
Rene,http://lorempixel.com/640/480
Jacquelyn,http://lorempixel.com/640/480
Melvina,http://lorempixel.com/640/480
Kay,http://lorempixel.com/640/480
Deonte,http://lorempixel.com/640/480
Josue,http://lorempixel.com/640/480
Larissa,http://lorempixel.com/640/480
Luna,http://lorempixel.com/640/480
Annabel,http://lorempixel.com/640/480
Mariela,http://lorempixel.com/640/480
Franco,http://lorempixel.com/640/480
Ross,http://lorempixel.com/640/480
Silas,http://lorempixel.com/640/480
Erika,http://lorempixel.com/640/480
Maxine,http://lorempixel.com/640/480
Adela,http://lorempixel.com/640/480
Elroy,http://lorempixel.com/640/480
Tomasa,http://lorempixel.com/640/480
Gaylord,http://lorempixel.com/640/480
Destiny,http://lorempixel.com/640/480
Melba,http://lorempixel.com/640/480
Meagan,http://lorempixel.com/640/480
Makenna,http://lorempixel.com/640/480
Ora,http://lorempixel.com/640/480
Kavon,http://lorempixel.com/640/480
Cristina,http://lorempixel.com/640/480
Freddy,http://lorempixel.com/640/480
Kyra,http://lorempixel.com/640/480
Amani,http://lorempixel.com/640/480
Gonzalo,http://lorempixel.com/640/480
Effie,http://lorempixel.com/640/480
Yesenia,http://lorempixel.com/640/480
Nico,http://lorempixel.com/640/480
Diana,http://lorempixel.com/640/480
Hermann,http://lorempixel.com/640/480
Candace,http://lorempixel.com/640/480
Karina,http://lorempixel.com/640/480
Dean,http://lorempixel.com/640/480
Minerva,http://lorempixel.com/640/480
Brisa,http://lorempixel.com/640/480
Alana,http://lorempixel.com/640/480
Brenda,http://lorempixel.com/640/480
Colton,http://lorempixel.com/640/480
Otis,http://lorempixel.com/640/480
Daron,http://lorempixel.com/640/480
Alverta,http://lorempixel.com/640/480
Carrie,http://lorempixel.com/640/480
Arch,http://lorempixel.com/640/480
Raquel,http://lorempixel.com/640/480
Raleigh,http://lorempixel.com/640/480
Marquis,http://lorempixel.com/640/480
Cordell,http://lorempixel.com/640/480
Maximilian,http://lorempixel.com/640/480
Stefan,http://lorempixel.com/640/480
Maverick,http://lorempixel.com/640/480
Reyna,http://lorempixel.com/640/480
Edison,http://lorempixel.com/640/480
Princess,http://lorempixel.com/640/480
Jarret,http://lorempixel.com/640/480
Orville,http://lorempixel.com/640/480
Mariam,http://lorempixel.com/640/480
Zachariah,http://lorempixel.com/640/480
Nicola,http://lorempixel.com/640/480
Mikayla,http://lorempixel.com/640/480
Liliane,http://lorempixel.com/640/480
Heloise,http://lorempixel.com/640/480
Jamel,http://lorempixel.com/640/480
Danial,http://lorempixel.com/640/480
Bernard,http://lorempixel.com/640/480
Cleve,http://lorempixel.com/640/480
Leopold,http://lorempixel.com/640/480
Tamara,http://lorempixel.com/640/480
Dallas,http://lorempixel.com/640/480
Erika,http://lorempixel.com/640/480
Ibrahim,http://lorempixel.com/640/480
Kaelyn,http://lorempixel.com/640/480
Ressie,http://lorempixel.com/640/480
Leslie,http://lorempixel.com/640/480
Rebekah,http://lorempixel.com/640/480
Demarco,http://lorempixel.com/640/480
Tatyana,http://lorempixel.com/640/480
Gladys,http://lorempixel.com/640/480
Tremayne,http://lorempixel.com/640/480
Jasen,http://lorempixel.com/640/480
Alexandro,http://lorempixel.com/640/480
Jeffery,http://lorempixel.com/640/480
Liam,http://lorempixel.com/640/480
Wilfred,http://lorempixel.com/640/480
Otho,http://lorempixel.com/640/480
Olaf,http://lorempixel.com/640/480
Eloy,http://lorempixel.com/640/480
Lexie,http://lorempixel.com/640/480
Bart,http://lorempixel.com/640/480
Marshall,http://lorempixel.com/640/480
Ines,http://lorempixel.com/640/480
Tyree,http://lorempixel.com/640/480
Mia,http://lorempixel.com/640/480
Lenny,http://lorempixel.com/640/480
Flavie,http://lorempixel.com/640/480
Heather,http://lorempixel.com/640/480
Kelsie,http://lorempixel.com/640/480
Dillan,http://lorempixel.com/640/480
Ursula,http://lorempixel.com/640/480
Austin,http://lorempixel.com/640/480
Gardner,http://lorempixel.com/640/480
Arnulfo,http://lorempixel.com/640/480
Marcelino,http://lorempixel.com/640/480
Zachariah,http://lorempixel.com/640/480
Shirley,http://lorempixel.com/640/480
Krystel,http://lorempixel.com/640/480
Elena,http://lorempixel.com/640/480
Pete,http://lorempixel.com/640/480
Hadley,http://lorempixel.com/640/480
Alberta,http://lorempixel.com/640/480
Rollin,http://lorempixel.com/640/480
Jennie,http://lorempixel.com/640/480
Titus,http://lorempixel.com/640/480
Delilah,http://lorempixel.com/640/480
Taurean,http://lorempixel.com/640/480
Karley,http://lorempixel.com/640/480
Effie,http://lorempixel.com/640/480
Darrion,http://lorempixel.com/640/480
Ernesto,http://lorempixel.com/640/480
Justice,http://lorempixel.com/640/480
Gilbert,http://lorempixel.com/640/480
Jordi,http://lorempixel.com/640/480
Murray,http://lorempixel.com/640/480
Orland,http://lorempixel.com/640/480
Nelson,http://lorempixel.com/640/480
Jennifer,http://lorempixel.com/640/480
Thaddeus,http://lorempixel.com/640/480
Ramiro,http://lorempixel.com/640/480
Jaylon,http://lorempixel.com/640/480
Jacques,http://lorempixel.com/640/480
Lavinia,http://lorempixel.com/640/480
Karina,http://lorempixel.com/640/480
Elvera,http://lorempixel.com/640/480
Albina,http://lorempixel.com/640/480
Dusty,http://lorempixel.com/640/480
Marco,http://lorempixel.com/640/480
Edna,http://lorempixel.com/640/480
Chris,http://lorempixel.com/640/480
Khalid,http://lorempixel.com/640/480
Thaddeus,http://lorempixel.com/640/480
Maximillian,http://lorempixel.com/640/480
Estrella,http://lorempixel.com/640/480
Ocie,http://lorempixel.com/640/480
Edison,http://lorempixel.com/640/480
Reinhold,http://lorempixel.com/640/480
Colin,http://lorempixel.com/640/480
Nicholas,http://lorempixel.com/640/480
Sylvester,http://lorempixel.com/640/480
Destinee,http://lorempixel.com/640/480
Ruben,http://lorempixel.com/640/480
Gage,http://lorempixel.com/640/480
Kari,http://lorempixel.com/640/480
Nella,http://lorempixel.com/640/480
Clarissa,http://lorempixel.com/640/480
Robbie,http://lorempixel.com/640/480
Linwood,http://lorempixel.com/640/480
Laisha,http://lorempixel.com/640/480
Aubree,http://lorempixel.com/640/480
Freeman,http://lorempixel.com/640/480
Geovanny,http://lorempixel.com/640/480
Martina,http://lorempixel.com/640/480
Elisa,http://lorempixel.com/640/480
Jakob,http://lorempixel.com/640/480
Felipe,http://lorempixel.com/640/480
Rene,http://lorempixel.com/640/480
Dane,http://lorempixel.com/640/480
Parker,http://lorempixel.com/640/480
Twila,http://lorempixel.com/640/480
Corine,http://lorempixel.com/640/480
Robbie,http://lorempixel.com/640/480
Porter,http://lorempixel.com/640/480
Kelton,http://lorempixel.com/640/480
Marlin,http://lorempixel.com/640/480
Kelvin,http://lorempixel.com/640/480
Margarita,http://lorempixel.com/640/480
Sylvia,http://lorempixel.com/640/480
Jordan,http://lorempixel.com/640/480
Dayne,http://lorempixel.com/640/480
Genoveva,http://lorempixel.com/640/480
Sonya,http://lorempixel.com/640/480
Alice,http://lorempixel.com/640/480
Walter,http://lorempixel.com/640/480
Skye,http://lorempixel.com/640/480
Kurt,http://lorempixel.com/640/480
Willie,http://lorempixel.com/640/480
Verlie,http://lorempixel.com/640/480
Garfield,http://lorempixel.com/640/480
Allison,http://lorempixel.com/640/480
Enid,http://lorempixel.com/640/480
Alyce,http://lorempixel.com/640/480
Lurline,http://lorempixel.com/640/480
Eliane,http://lorempixel.com/640/480
Elaina,http://lorempixel.com/640/480
Kellen,http://lorempixel.com/640/480
Sonny,http://lorempixel.com/640/480
Elenor,http://lorempixel.com/640/480
Otha,http://lorempixel.com/640/480
Gunnar,http://lorempixel.com/640/480
Madilyn,http://lorempixel.com/640/480
Brandyn,http://lorempixel.com/640/480
Sylvia,http://lorempixel.com/640/480
Tia,http://lorempixel.com/640/480
Watson,http://lorempixel.com/640/480
Alfredo,http://lorempixel.com/640/480
Mattie,http://lorempixel.com/640/480
Ceasar,http://lorempixel.com/640/480
Rogelio,http://lorempixel.com/640/480
Maryam,http://lorempixel.com/640/480
Sabina,http://lorempixel.com/640/480
Terry,http://lorempixel.com/640/480
Cleveland,http://lorempixel.com/640/480
Kaya,http://lorempixel.com/640/480
Ozella,http://lorempixel.com/640/480
Pearline,http://lorempixel.com/640/480
Emmett,http://lorempixel.com/640/480
Dannie,http://lorempixel.com/640/480
Sheldon,http://lorempixel.com/640/480
Dallin,http://lorempixel.com/640/480
Constance,http://lorempixel.com/640/480
Camryn,http://lorempixel.com/640/480
Marcia,http://lorempixel.com/640/480
Pedro,http://lorempixel.com/640/480
Alberta,http://lorempixel.com/640/480
Hayden,http://lorempixel.com/640/480
Catharine,http://lorempixel.com/640/480
Joel,http://lorempixel.com/640/480
Morgan,http://lorempixel.com/640/480
Clemmie,http://lorempixel.com/640/480
Monserrat,http://lorempixel.com/640/480
Daren,http://lorempixel.com/640/480
Dimitri,http://lorempixel.com/640/480
Lola,http://lorempixel.com/640/480
Jayde,http://lorempixel.com/640/480
Enos,http://lorempixel.com/640/480
Jamaal,http://lorempixel.com/640/480
Jonatan,http://lorempixel.com/640/480
Larue,http://lorempixel.com/640/480
Casandra,http://lorempixel.com/640/480
Dedric,http://lorempixel.com/640/480
Tod,http://lorempixel.com/640/480
Mertie,http://lorempixel.com/640/480
Patience,http://lorempixel.com/640/480
Chad,http://lorempixel.com/640/480
Adriana,http://lorempixel.com/640/480
Evalyn,http://lorempixel.com/640/480
Howard,http://lorempixel.com/640/480
Gladyce,http://lorempixel.com/640/480
Carleton,http://lorempixel.com/640/480
Geo,http://lorempixel.com/640/480
Sophia,http://lorempixel.com/640/480
Margarett,http://lorempixel.com/640/480
Makayla,http://lorempixel.com/640/480
Joshuah,http://lorempixel.com/640/480
Joanne,http://lorempixel.com/640/480
Cody,http://lorempixel.com/640/480
Arely,http://lorempixel.com/640/480
Rhoda,http://lorempixel.com/640/480
Remington,http://lorempixel.com/640/480
Deangelo,http://lorempixel.com/640/480
Leatha,http://lorempixel.com/640/480
Ardith,http://lorempixel.com/640/480
Jeanie,http://lorempixel.com/640/480
Foster,http://lorempixel.com/640/480
Abigail,http://lorempixel.com/640/480
Kianna,http://lorempixel.com/640/480
Aiden,http://lorempixel.com/640/480
Emanuel,http://lorempixel.com/640/480
Bertha,http://lorempixel.com/640/480
Dariana,http://lorempixel.com/640/480
Bianka,http://lorempixel.com/640/480
Erich,http://lorempixel.com/640/480
Cleo,http://lorempixel.com/640/480
Eliseo,http://lorempixel.com/640/480
Myra,http://lorempixel.com/640/480
Crawford,http://lorempixel.com/640/480
Amani,http://lorempixel.com/640/480
Rachael,http://lorempixel.com/640/480
Tristin,http://lorempixel.com/640/480
Jessy,http://lorempixel.com/640/480
Frederique,http://lorempixel.com/640/480
Remington,http://lorempixel.com/640/480
Matteo,http://lorempixel.com/640/480
Eliezer,http://lorempixel.com/640/480
Dwight,http://lorempixel.com/640/480
Arnaldo,http://lorempixel.com/640/480
Geraldine,http://lorempixel.com/640/480
Macey,http://lorempixel.com/640/480
Constance,http://lorempixel.com/640/480
Arne,http://lorempixel.com/640/480
Luz,http://lorempixel.com/640/480
Aileen,http://lorempixel.com/640/480
Lewis,http://lorempixel.com/640/480
Stefan,http://lorempixel.com/640/480
Fabiola,http://lorempixel.com/640/480
Wendell,http://lorempixel.com/640/480
Adaline,http://lorempixel.com/640/480
Tavares,http://lorempixel.com/640/480
Claire,http://lorempixel.com/640/480
Margarete,http://lorempixel.com/640/480
Giuseppe,http://lorempixel.com/640/480
Jensen,http://lorempixel.com/640/480
Yoshiko,http://lorempixel.com/640/480
Amber,http://lorempixel.com/640/480
Raymond,http://lorempixel.com/640/480
Tina,http://lorempixel.com/640/480
Troy,http://lorempixel.com/640/480
Clotilde,http://lorempixel.com/640/480
Arno,http://lorempixel.com/640/480
Carrie,http://lorempixel.com/640/480
Shanelle,http://lorempixel.com/640/480
Candice,http://lorempixel.com/640/480
Erich,http://lorempixel.com/640/480
Terrill,http://lorempixel.com/640/480
Richmond,http://lorempixel.com/640/480
Chanelle,http://lorempixel.com/640/480
Helen,http://lorempixel.com/640/480
Willa,http://lorempixel.com/640/480
Ford,http://lorempixel.com/640/480
Irving,http://lorempixel.com/640/480
Diamond,http://lorempixel.com/640/480
Alvera,http://lorempixel.com/640/480
Alexandra,http://lorempixel.com/640/480
Lorine,http://lorempixel.com/640/480
Erin,http://lorempixel.com/640/480
Dallas,http://lorempixel.com/640/480
Jayden,http://lorempixel.com/640/480
Gladys,http://lorempixel.com/640/480
Katlynn,http://lorempixel.com/640/480
Mozell,http://lorempixel.com/640/480
Harley,http://lorempixel.com/640/480
Laury,http://lorempixel.com/640/480
Devan,http://lorempixel.com/640/480
Jeremy,http://lorempixel.com/640/480
Dudley,http://lorempixel.com/640/480
Diana,http://lorempixel.com/640/480
Abdiel,http://lorempixel.com/640/480
Logan,http://lorempixel.com/640/480
Elise,http://lorempixel.com/640/480
Patrick,http://lorempixel.com/640/480
Werner,http://lorempixel.com/640/480
Tommie,http://lorempixel.com/640/480
Angus,http://lorempixel.com/640/480
Johnson,http://lorempixel.com/640/480
Ernestine,http://lorempixel.com/640/480
Kayleigh,http://lorempixel.com/640/480
Hubert,http://lorempixel.com/640/480
Cayla,http://lorempixel.com/640/480
Mariane,http://lorempixel.com/640/480
Devyn,http://lorempixel.com/640/480
Sarai,http://lorempixel.com/640/480
Roosevelt,http://lorempixel.com/640/480
Jimmy,http://lorempixel.com/640/480
Mike,http://lorempixel.com/640/480
Clementina,http://lorempixel.com/640/480
Arden,http://lorempixel.com/640/480
Godfrey,http://lorempixel.com/640/480
Ima,http://lorempixel.com/640/480
Jaron,http://lorempixel.com/640/480
Marisa,http://lorempixel.com/640/480
Lacey,http://lorempixel.com/640/480
Kelli,http://lorempixel.com/640/480
Alicia,http://lorempixel.com/640/480
Douglas,http://lorempixel.com/640/480
Jayde,http://lorempixel.com/640/480
Julie,http://lorempixel.com/640/480
Zakary,http://lorempixel.com/640/480
Abner,http://lorempixel.com/640/480
Rodolfo,http://lorempixel.com/640/480
Ambrose,http://lorempixel.com/640/480
Saul,http://lorempixel.com/640/480
Ramon,http://lorempixel.com/640/480
Kaelyn,http://lorempixel.com/640/480
Kurtis,http://lorempixel.com/640/480
Werner,http://lorempixel.com/640/480
Layla,http://lorempixel.com/640/480
Vesta,http://lorempixel.com/640/480
Nils,http://lorempixel.com/640/480
Marianne,http://lorempixel.com/640/480
Corbin,http://lorempixel.com/640/480
William,http://lorempixel.com/640/480
Sarai,http://lorempixel.com/640/480
Peggie,http://lorempixel.com/640/480
Justen,http://lorempixel.com/640/480
Viva,http://lorempixel.com/640/480
Cheyanne,http://lorempixel.com/640/480
Elmore,http://lorempixel.com/640/480
Lennie,http://lorempixel.com/640/480
Quincy,http://lorempixel.com/640/480
Domenico,http://lorempixel.com/640/480
Arvel,http://lorempixel.com/640/480
Andreanne,http://lorempixel.com/640/480
Orville,http://lorempixel.com/640/480
Winston,http://lorempixel.com/640/480
Janae,http://lorempixel.com/640/480
Isabell,http://lorempixel.com/640/480
Darby,http://lorempixel.com/640/480
Bulah,http://lorempixel.com/640/480
Geraldine,http://lorempixel.com/640/480
Allen,http://lorempixel.com/640/480
Baron,http://lorempixel.com/640/480
Earl,http://lorempixel.com/640/480
Odie,http://lorempixel.com/640/480
Cassandra,http://lorempixel.com/640/480
Morgan,http://lorempixel.com/640/480
Myah,http://lorempixel.com/640/480
Harry,http://lorempixel.com/640/480
Brandy,http://lorempixel.com/640/480
Gina,http://lorempixel.com/640/480
Derrick,http://lorempixel.com/640/480
Camren,http://lorempixel.com/640/480
Rosalee,http://lorempixel.com/640/480
Johan,http://lorempixel.com/640/480
Fidel,http://lorempixel.com/640/480
Lucious,http://lorempixel.com/640/480
Genesis,http://lorempixel.com/640/480
Kurt,http://lorempixel.com/640/480
Alanis,http://lorempixel.com/640/480
Furman,http://lorempixel.com/640/480
Zoe,http://lorempixel.com/640/480
Emelia,http://lorempixel.com/640/480
Marion,http://lorempixel.com/640/480
Dejuan,http://lorempixel.com/640/480
Alta,http://lorempixel.com/640/480
Aurelio,http://lorempixel.com/640/480
Aurelie,http://lorempixel.com/640/480
Abe,http://lorempixel.com/640/480
Armani,http://lorempixel.com/640/480
Watson,http://lorempixel.com/640/480
Maxime,http://lorempixel.com/640/480
Kamille,http://lorempixel.com/640/480
Edgardo,http://lorempixel.com/640/480
Roslyn,http://lorempixel.com/640/480
Reilly,http://lorempixel.com/640/480
Chris,http://lorempixel.com/640/480
Graham,http://lorempixel.com/640/480
Daren,http://lorempixel.com/640/480
Dock,http://lorempixel.com/640/480
Geraldine,http://lorempixel.com/640/480
Jackson,http://lorempixel.com/640/480
Mara,http://lorempixel.com/640/480
Michelle,http://lorempixel.com/640/480
Ophelia,http://lorempixel.com/640/480
Felton,http://lorempixel.com/640/480
Norene,http://lorempixel.com/640/480
Haylie,http://lorempixel.com/640/480
Madalyn,http://lorempixel.com/640/480
Nyasia,http://lorempixel.com/640/480
Zita,http://lorempixel.com/640/480
Eloise,http://lorempixel.com/640/480
Anne,http://lorempixel.com/640/480
Aric,http://lorempixel.com/640/480
Edwin,http://lorempixel.com/640/480
Willis,http://lorempixel.com/640/480
Kaitlin,http://lorempixel.com/640/480
Rhoda,http://lorempixel.com/640/480
Cyrus,http://lorempixel.com/640/480
Jaida,http://lorempixel.com/640/480
Marcelino,http://lorempixel.com/640/480
Francesco,http://lorempixel.com/640/480
Deborah,http://lorempixel.com/640/480
Precious,http://lorempixel.com/640/480
Genevieve,http://lorempixel.com/640/480
Eriberto,http://lorempixel.com/640/480
Jolie,http://lorempixel.com/640/480
Leora,http://lorempixel.com/640/480
Emilie,http://lorempixel.com/640/480
Jaclyn,http://lorempixel.com/640/480
Brandy,http://lorempixel.com/640/480
Earnestine,http://lorempixel.com/640/480
Joseph,http://lorempixel.com/640/480
Lesly,http://lorempixel.com/640/480
Rae,http://lorempixel.com/640/480
Pat,http://lorempixel.com/640/480
Kacie,http://lorempixel.com/640/480
Sam,http://lorempixel.com/640/480
Gust,http://lorempixel.com/640/480
Tyreek,http://lorempixel.com/640/480
Dino,http://lorempixel.com/640/480
Pierre,http://lorempixel.com/640/480
Myriam,http://lorempixel.com/640/480
Lavon,http://lorempixel.com/640/480
Gerard,http://lorempixel.com/640/480
Jamie,http://lorempixel.com/640/480
Dannie,http://lorempixel.com/640/480
Chauncey,http://lorempixel.com/640/480
Toby,http://lorempixel.com/640/480
Abbey,http://lorempixel.com/640/480
Triston,http://lorempixel.com/640/480
Lindsay,http://lorempixel.com/640/480
Ethyl,http://lorempixel.com/640/480
Vanessa,http://lorempixel.com/640/480
Andreanne,http://lorempixel.com/640/480
Isom,http://lorempixel.com/640/480
Jarod,http://lorempixel.com/640/480
Arlene,http://lorempixel.com/640/480
Laurence,http://lorempixel.com/640/480
Haylie,http://lorempixel.com/640/480
Lori,http://lorempixel.com/640/480
Augustus,http://lorempixel.com/640/480
Kaia,http://lorempixel.com/640/480
Ashtyn,http://lorempixel.com/640/480
Pamela,http://lorempixel.com/640/480
Keaton,http://lorempixel.com/640/480
Guido,http://lorempixel.com/640/480
Magali,http://lorempixel.com/640/480
Hazle,http://lorempixel.com/640/480
Greg,http://lorempixel.com/640/480
Jordy,http://lorempixel.com/640/480
Kaylin,http://lorempixel.com/640/480
Sidney,http://lorempixel.com/640/480
Adrain,http://lorempixel.com/640/480
Kacey,http://lorempixel.com/640/480
Shea,http://lorempixel.com/640/480
Alphonso,http://lorempixel.com/640/480
Hans,http://lorempixel.com/640/480
Zora,http://lorempixel.com/640/480
Erik,http://lorempixel.com/640/480
Wilhelmine,http://lorempixel.com/640/480
Patience,http://lorempixel.com/640/480
Nona,http://lorempixel.com/640/480
Cecil,http://lorempixel.com/640/480
Geovany,http://lorempixel.com/640/480
Retha,http://lorempixel.com/640/480
Ollie,http://lorempixel.com/640/480
Destini,http://lorempixel.com/640/480
Geraldine,http://lorempixel.com/640/480
Gladyce,http://lorempixel.com/640/480
Javier,http://lorempixel.com/640/480
Jessica,http://lorempixel.com/640/480
Marisa,http://lorempixel.com/640/480
Alex,http://lorempixel.com/640/480
Manuela,http://lorempixel.com/640/480
Norma,http://lorempixel.com/640/480
Van,http://lorempixel.com/640/480
Destini,http://lorempixel.com/640/480
Jarrett,http://lorempixel.com/640/480
Alvis,http://lorempixel.com/640/480
Josh,http://lorempixel.com/640/480
Katlynn,http://lorempixel.com/640/480
Jefferey,http://lorempixel.com/640/480
Chase,http://lorempixel.com/640/480
Veronica,http://lorempixel.com/640/480
Lessie,http://lorempixel.com/640/480
Annie,http://lorempixel.com/640/480
Chester,http://lorempixel.com/640/480
Cristina,http://lorempixel.com/640/480
Alene,http://lorempixel.com/640/480
Faustino,http://lorempixel.com/640/480
Emmy,http://lorempixel.com/640/480
Hailee,http://lorempixel.com/640/480
Jonathan,http://lorempixel.com/640/480
Lera,http://lorempixel.com/640/480
Marlene,http://lorempixel.com/640/480
Ernest,http://lorempixel.com/640/480
Harley,http://lorempixel.com/640/480
Emilie,http://lorempixel.com/640/480
Letha,http://lorempixel.com/640/480
Albertha,http://lorempixel.com/640/480
Cathryn,http://lorempixel.com/640/480
Noah,http://lorempixel.com/640/480
Merle,http://lorempixel.com/640/480
Anabel,http://lorempixel.com/640/480
Jean,http://lorempixel.com/640/480
Damaris,http://lorempixel.com/640/480
Joe,http://lorempixel.com/640/480
Sabrina,http://lorempixel.com/640/480
Ruth,http://lorempixel.com/640/480
Kenya,http://lorempixel.com/640/480
Laurianne,http://lorempixel.com/640/480
Zachary,http://lorempixel.com/640/480
Darren,http://lorempixel.com/640/480
Gregoria,http://lorempixel.com/640/480
Sincere,http://lorempixel.com/640/480
Baylee,http://lorempixel.com/640/480
Emil,http://lorempixel.com/640/480
Dominic,http://lorempixel.com/640/480
Aglae,http://lorempixel.com/640/480
Abelardo,http://lorempixel.com/640/480
Elvie,http://lorempixel.com/640/480
Genesis,http://lorempixel.com/640/480
Rolando,http://lorempixel.com/640/480
Adaline,http://lorempixel.com/640/480
Kristy,http://lorempixel.com/640/480
Modesta,http://lorempixel.com/640/480
Amya,http://lorempixel.com/640/480
Renee,http://lorempixel.com/640/480
Madisyn,http://lorempixel.com/640/480
Faye,http://lorempixel.com/640/480
Christelle,http://lorempixel.com/640/480
Nathaniel,http://lorempixel.com/640/480
Misty,http://lorempixel.com/640/480
Stephen,http://lorempixel.com/640/480
Ally,http://lorempixel.com/640/480
Noelia,http://lorempixel.com/640/480
Freeman,http://lorempixel.com/640/480
Jakob,http://lorempixel.com/640/480
Tamara,http://lorempixel.com/640/480
Skye,http://lorempixel.com/640/480
Elna,http://lorempixel.com/640/480
Brenda,http://lorempixel.com/640/480
Carleton,http://lorempixel.com/640/480
Izaiah,http://lorempixel.com/640/480
Berta,http://lorempixel.com/640/480
Mauricio,http://lorempixel.com/640/480
Lucile,http://lorempixel.com/640/480
Freddie,http://lorempixel.com/640/480
Boyd,http://lorempixel.com/640/480
Katlynn,http://lorempixel.com/640/480
Verlie,http://lorempixel.com/640/480
Josiane,http://lorempixel.com/640/480
Chadrick,http://lorempixel.com/640/480
Jordi,http://lorempixel.com/640/480
Garland,http://lorempixel.com/640/480
Ward,http://lorempixel.com/640/480
Hiram,http://lorempixel.com/640/480
